<?xml version="1.0" encoding="UTF-8"?>
<purge
xmlns:xsi="http://www.w3.org/2001/XMLSchema-instance"
xsi:noNamespaceSchemaLocation="purgeDefinition.xsd">
  <pump number="1">
  	<gpio>20</gpio>
    <duration>20</duration>
  </pump>
  <pump number="2">
  	<gpio>21</gpio>
    <duration>20</duration>
  </pump>
    <pump number="3">
  	<gpio>26</gpio>
    <duration>20</duration>
  </pump>
  <pump number="4">
  	<gpio>23</gpio>
    <duration>20</duration>
  </pump>
    <pump number="5">
  	<gpio>19</gpio>
    <duration>20</duration>
  </pump>
  <pump number="6">
  	<gpio>24</gpio>
    <duration>20</duration>
  </pump>
    <pump number="7">
  	<gpio>22</gpio>
    <duration>20</duration>
  </pump>
  <pump number="8">
  	<gpio>27</gpio>
    <duration>20</duration>
  </pump>
    <pump number="9">
  	<gpio>12</gpio>
    <duration>20</duration>
  </pump>
  <pump number="10">
  	<gpio>25</gpio>
    <duration>20</duration>
  </pump>
</purge>
